{"cameraMode":{"drawMode":0,"name":"Shaded","section":"Shading Mode"},"sceneLighting":true,"audioPlay":false,"sceneViewState":{"showFog":true,"showMaterialUpdate":true,"showSkybox":true,"showFlares":true,"showImageEffects":true,"showParticleSystems":true},"in2DMode":false,"pivot":{"x":507.1518859863281,"y":400.8464660644531,"z":-3.8472323417663576},"rotation":{"x":0.10908462852239609,"y":0.059604909271001819,"z":-0.006552956532686949,"w":0.9922232031822205},"size":1072.9283447265625,"orthographic":false}