{"cameraMode":{"drawMode":0,"name":"Shaded","section":"Shading Mode"},"sceneLighting":true,"audioPlay":false,"sceneViewState":{"showFog":true,"showMaterialUpdate":true,"showSkybox":true,"showFlares":true,"showImageEffects":true,"showParticleSystems":true},"in2DMode":false,"pivot":{"x":235.6799774169922,"y":573.5999755859375,"z":0.0},"rotation":{"x":0.03875664621591568,"y":0.10919851809740067,"z":-0.004261151421815157,"w":0.9932564496994019},"size":896.2442016601563,"orthographic":false}