{"cameraMode":{"drawMode":0,"name":"Shaded","section":"Shading Mode"},"sceneLighting":true,"audioPlay":false,"sceneViewState":{"showFog":true,"showMaterialUpdate":true,"showSkybox":true,"showFlares":true,"showImageEffects":true,"showParticleSystems":true},"in2DMode":false,"pivot":{"x":122.57709503173828,"y":-76.79510498046875,"z":-182.55979919433595},"rotation":{"x":0.5079222321510315,"y":-0.48392412066459658,"z":0.4361329674720764,"w":0.5635820031166077},"size":521.4481811523438,"orthographic":false}