{"cameraMode":{"drawMode":0,"name":"Shaded","section":"Shading Mode"},"sceneLighting":true,"audioPlay":false,"sceneViewState":{"showFog":true,"showMaterialUpdate":true,"showSkybox":true,"showFlares":true,"showImageEffects":true,"showParticleSystems":true},"in2DMode":false,"pivot":{"x":187.80862426757813,"y":22.872894287109376,"z":358.05523681640627},"rotation":{"x":0.030012106522917749,"y":-0.30253756046295168,"z":0.009553392417728901,"w":0.9526493549346924},"size":189.76339721679688,"orthographic":false}